,,,,,Overweight or Obese Adults : Summarize
Topic: Health Behavior and Population
Subtopic: Overweight
Indicator Name: Overweight or Obese Adults
Indicator Description: Overweight or Obese Adults
Notes: *Estimate is based on small numbers so should be interpreted with caution

Year,GeoTypeName,Borough,Geography,Geography_id,IndicatorDescription,Number,Percent,
2003,Citywide,New York City, New York City,1,Overweight or Obese Adults,"2,953,000 ","53.9 (52.6, 55.2)",
2004,Citywide,New York City, New York City,1,Overweight or Obese Adults,"3,206,000 ","55.7 (54.4, 57.0)",
2005,Citywide,New York City, New York City,1,Overweight or Obese Adults,"3,087,000 ","54.5 (53.2, 55.8)",
2006,Citywide,New York City, New York City,1,Overweight or Obese Adults,"3,195,000 ","56.0 (54.7, 57.3)",
2007,Citywide,New York City, New York City,1,Overweight or Obese Adults,"3,327,000 ","57.4 (56.0, 58.7)",
2008,Citywide,New York City, New York City,1,Overweight or Obese Adults,"3,448,000 ","57.8 (56.2, 59.4)",
2009,Citywide,New York City, New York City,1,Overweight or Obese Adults,"3,366,000 ","56.6 (55.0, 58.1)",
2010,Citywide,New York City, New York City,1,Overweight or Obese Adults,"3,437,000 ","57.8 (56.2, 59.5)",
2011,Citywide,New York City, New York City,1,Overweight or Obese Adults,"3,544,000 ","57.7 (55.8, 59.6)",
2012,Citywide,New York City, New York City,1,Overweight or Obese Adults,"3,471,000 ","55.9 (54.2, 57.5)",
2013,Citywide,New York City, New York City,1,Overweight or Obese Adults,"3,527,000 ","56.2 (54.7, 57.6)",
2014,Citywide,New York City, New York City,1,Overweight or Obese Adults,"3,703,000 ","58.5 (57.0,60.0)",
2003,Borough,Bronx, Bronx,1,Overweight or Obese Adults,"523,000 ","62.9 (59.7, 66.1)",
2004,Borough,Bronx, Bronx,1,Overweight or Obese Adults,"571,000 ","64.2 (60.8, 67.4)",
2005,Borough,Bronx, Bronx,1,Overweight or Obese Adults,"556,000 ","64.1 (60.6, 67.5)",
2006,Borough,Bronx, Bronx,1,Overweight or Obese Adults,"575,000 ","64.7 (61.3, 68.0)",
2007,Borough,Bronx, Bronx,1,Overweight or Obese Adults,"586,000 ","65.2 (61.6, 68.6)",
2008,Borough,Bronx, Bronx,1,Overweight or Obese Adults,"620,000 ","67.8 (64.0, 71.4)",
2009,Borough,Bronx, Bronx,1,Overweight or Obese Adults,"615,000 ","67.5 (64.1, 70.8)",
2010,Borough,Bronx, Bronx,1,Overweight or Obese Adults,"631,000 ","69.0 (65.5, 72.3)",
2011,Borough,Bronx, Bronx,1,Overweight or Obese Adults,"629,000 ","66.3 (61.8, 70.6)",
2012,Borough,Bronx, Bronx,1,Overweight or Obese Adults,"631,000 ","64.5 (60.5, 68.3)",
2013,Borough,Bronx, Bronx,1,Overweight or Obese Adults,"683,000 ","68.9 (65.8, 71.9)",
2014,Borough,Bronx, Bronx,1,Overweight or Obese Adults,"681,000 ","67.9 (64.2,71.3)",
2003,Borough,Brooklyn, Brooklyn,2,Overweight or Obese Adults,"922,000 ","57.1 (54.9, 59.3)",
2004,Borough,Brooklyn, Brooklyn,2,Overweight or Obese Adults,"971,000 ","56.9 (54.7, 59.1)",
2005,Borough,Brooklyn, Brooklyn,2,Overweight or Obese Adults,"977,000 ","58.4 (56.2, 60.5)",
2006,Borough,Brooklyn, Brooklyn,2,Overweight or Obese Adults,"998,000 ","59.0 (56.7, 61.2)",
2007,Borough,Brooklyn, Brooklyn,2,Overweight or Obese Adults,"1,049,000 ","60.8 (58.6, 63.0)",
2008,Borough,Brooklyn, Brooklyn,2,Overweight or Obese Adults,"1,041,000 ","58.8 (55.9, 61.6)",
2009,Borough,Brooklyn, Brooklyn,2,Overweight or Obese Adults,"1,047,000 ","59.1 (56.4, 61.8)",
2010,Borough,Brooklyn, Brooklyn,2,Overweight or Obese Adults,"1,049,000 ","59.7 (56.7, 62.6)",
2011,Borough,Brooklyn, Brooklyn,2,Overweight or Obese Adults,"1,118,000 ","60.4 (56.8, 63.8)",
2012,Borough,Brooklyn, Brooklyn,2,Overweight or Obese Adults,"1,061,000 ","56.8 (53.8, 59.8)",
2013,Borough,Brooklyn, Brooklyn,2,Overweight or Obese Adults,"1,060,000 ","56.1 (53.2, 58.9)",
2014,Borough,Brooklyn, Brooklyn,2,Overweight or Obese Adults,"1,125,000 ","58.7 (55.9,61.5)",
2003,Borough,Manhattan, Manhattan,3,Overweight or Obese Adults,"528,000 ","45.1 (42.2, 47.9)",
2004,Borough,Manhattan, Manhattan,3,Overweight or Obese Adults,"554,000 ","45.5 (42.6, 48.3)",
2005,Borough,Manhattan, Manhattan,3,Overweight or Obese Adults,"499,000 ","41.5 (38.6, 44.5)",
2006,Borough,Manhattan, Manhattan,3,Overweight or Obese Adults,"538,000 ","44.9 (41.9, 48.0)",
2007,Borough,Manhattan, Manhattan,3,Overweight or Obese Adults,"572,000 ","47.2 (44.0, 50.4)",
2008,Borough,Manhattan, Manhattan,3,Overweight or Obese Adults,"607,000 ","48.6 (45.2, 52.1)",
2009,Borough,Manhattan, Manhattan,3,Overweight or Obese Adults,"570,000 ","45.5 (41.8, 49.2)",
2010,Borough,Manhattan, Manhattan,3,Overweight or Obese Adults,"589,000 ","47.1 (42.9, 51.3)",
2011,Borough,Manhattan, Manhattan,3,Overweight or Obese Adults,"599,000 ","47.1 (42.4, 51.8)",
2012,Borough,Manhattan, Manhattan,3,Overweight or Obese Adults,"581,000 ","45.4 (41.8, 49.1)",
2013,Borough,Manhattan, Manhattan,3,Overweight or Obese Adults,"617,000 ","47.8 (44.7, 50.9)",
2014,Borough,Manhattan, Manhattan,3,Overweight or Obese Adults,"615,000 ","47.5 (44.3,50.7)",
2003,Borough,Queens, Queens,4,Overweight or Obese Adults,"824,000 ","52.7 (50.2, 55.2)",
2004,Borough,Queens, Queens,4,Overweight or Obese Adults,"899,000 ","55.3 (52.8, 57.7)",
2005,Borough,Queens, Queens,4,Overweight or Obese Adults,"883,000 ","54.6 (52.1, 57.2)",
2006,Borough,Queens, Queens,4,Overweight or Obese Adults,"886,000 ","54.9 (52.3, 57.4)",
2007,Borough,Queens, Queens,4,Overweight or Obese Adults,"924,000 ","56.3 (53.5, 59.0)",
2008,Borough,Queens, Queens,4,Overweight or Obese Adults,"965,000 ","56.6 (53.4, 59.8)",
2009,Borough,Queens, Queens,4,Overweight or Obese Adults,"948,000 ","56.1 (53.1, 59.0)",
2010,Borough,Queens, Queens,4,Overweight or Obese Adults,"971,000 ","57.0 (53.7, 60.3)",
2011,Borough,Queens, Queens,4,Overweight or Obese Adults,"952,000 ","55.4 (51.8, 58.9)",
2012,Borough,Queens, Queens,4,Overweight or Obese Adults,"971,000 ","55.9 (52.7, 59.1)",
2013,Borough,Queens, Queens,4,Overweight or Obese Adults,"941,000 ","53.7 (50.7, 56.6)",
2014,Borough,Queens, Queens,4,Overweight or Obese Adults,"1,050,000 ","59.6 (56.6,62.5)",
2003,Borough,Staten Island, Staten Island,5,Overweight or Obese Adults,"156,000 ","53.1 (47.6, 58.5)",
2004,Borough,Staten Island, Staten Island,5,Overweight or Obese Adults,"211,000 ","66.7 (61.9, 71.2)",
2005,Borough,Staten Island, Staten Island,5,Overweight or Obese Adults,"172,000 ","55.6 (51.2, 59.8)",
2006,Borough,Staten Island, Staten Island,5,Overweight or Obese Adults,"198,000 ","62.9 (58.3, 67.2)",
2007,Borough,Staten Island, Staten Island,5,Overweight or Obese Adults,"196,000 ","61.2 (56.4, 65.7)",
2008,Borough,Staten Island, Staten Island,5,Overweight or Obese Adults,"215,000 ","65.9 (60.5, 70.9)",
2009,Borough,Staten Island, Staten Island,5,Overweight or Obese Adults,"187,000 ","57.4 (52.7, 61.9)",
2010,Borough,Staten Island, Staten Island,5,Overweight or Obese Adults,"197,000 ","62.3 (56.2, 68.0)",
2011,Borough,Staten Island, Staten Island,5,Overweight or Obese Adults,"245,000 ","70.3 (63.4, 76.4)",
2012,Borough,Staten Island, Staten Island,5,Overweight or Obese Adults,"227,000 ","64.8 (58.9, 70.3)",
2013,Borough,Staten Island, Staten Island,5,Overweight or Obese Adults,"225,000 ","64.2 (58.9, 69.2)",
2014,Borough,Staten Island, Staten Island,5,Overweight or Obese Adults,"232,000 ","65.1 (59.8,70.1)",
2003,Neighborhood (UHF 34),Queens, Bayside Little Neck-Fresh Meadows,404406,Overweight or Obese Adults,"56,000 ","42.2 (35.6, 49.1)",
2004,Neighborhood (UHF 34),Queens, Bayside Little Neck-Fresh Meadows,404406,Overweight or Obese Adults,"72,000 ","54.2 (47.0, 61.3)",
2005,Neighborhood (UHF 34),Queens, Bayside Little Neck-Fresh Meadows,404406,Overweight or Obese Adults,"73,000 ","54.5 (45.6, 63.2)",
2006,Neighborhood (UHF 34),Queens, Bayside Little Neck-Fresh Meadows,404406,Overweight or Obese Adults,"69,000 ","53.5 (44.8, 62.0)",
2007,Neighborhood (UHF 34),Queens, Bayside Little Neck-Fresh Meadows,404406,Overweight or Obese Adults,"68,000 ","49.2 (40.4, 58.0)",
2008,Neighborhood (UHF 34),Queens, Bayside Little Neck-Fresh Meadows,404406,Overweight or Obese Adults,"77,000 ","54.1 (46.1, 61.8)",
2009,Neighborhood (UHF 34),Queens, Bayside Little Neck-Fresh Meadows,404406,Overweight or Obese Adults,"72,000 ","51.7 (43.8, 59.5)",
2010,Neighborhood (UHF 34),Queens, Bayside Little Neck-Fresh Meadows,404406,Overweight or Obese Adults,"69,000 ","49.9 (40.9, 58.9)",
2011,Neighborhood (UHF 34),Queens, Bayside Little Neck-Fresh Meadows,404406,Overweight or Obese Adults,"58,000 ","41.0 (32.0, 50.6)",
2012,Neighborhood (UHF 34),Queens, Bayside Little Neck-Fresh Meadows,404406,Overweight or Obese Adults,"65,000 ","44.6 (35.6, 53.9)",
2013,Neighborhood (UHF 34),Queens, Bayside Little Neck-Fresh Meadows,404406,Overweight or Obese Adults,"71,000 ","49.6 (40.2, 59.0)",
2014,Neighborhood (UHF 34),Queens, Bayside Little Neck-Fresh Meadows,404406,Overweight or Obese Adults,"84,000* ","56.1* (45.8,66.0)",
2003,Neighborhood (UHF 34),Brooklyn, Bedford Stuyvesant - Crown Heights,203,Overweight or Obese Adults,"123,000 ","64.3 (56.8, 71.2)",
2004,Neighborhood (UHF 34),Brooklyn, Bedford Stuyvesant - Crown Heights,203,Overweight or Obese Adults,"128,000 ","61.4 (54.1, 68.3)",
2005,Neighborhood (UHF 34),Brooklyn, Bedford Stuyvesant - Crown Heights,203,Overweight or Obese Adults,"132,000 ","64.9 (59.9, 69.6)",
2006,Neighborhood (UHF 34),Brooklyn, Bedford Stuyvesant - Crown Heights,203,Overweight or Obese Adults,"129,000 ","62.9 (57.4, 68.1)",
2007,Neighborhood (UHF 34),Brooklyn, Bedford Stuyvesant - Crown Heights,203,Overweight or Obese Adults,"147,000 ","69.5 (64.3, 74.2)",
2008,Neighborhood (UHF 34),Brooklyn, Bedford Stuyvesant - Crown Heights,203,Overweight or Obese Adults,"134,000 ","60.4 (51.1, 69.1)",
2009,Neighborhood (UHF 34),Brooklyn, Bedford Stuyvesant - Crown Heights,203,Overweight or Obese Adults,"134,000 ","63.2 (54.2, 71.3)",
2010,Neighborhood (UHF 34),Brooklyn, Bedford Stuyvesant - Crown Heights,203,Overweight or Obese Adults,"147,000 ","66.8 (57.8, 74.7)",
2011,Neighborhood (UHF 34),Brooklyn, Bedford Stuyvesant - Crown Heights,203,Overweight or Obese Adults,"169,000 ","73.2 (63.4, 81.2)",
2012,Neighborhood (UHF 34),Brooklyn, Bedford Stuyvesant - Crown Heights,203,Overweight or Obese Adults,"133,000 ","57.1 (47.9, 65.9)",
2013,Neighborhood (UHF 34),Brooklyn, Bedford Stuyvesant - Crown Heights,203,Overweight or Obese Adults,"140,000 ","60.2 (52.5, 67.5)",
2014,Neighborhood (UHF 34),Brooklyn, Bedford Stuyvesant - Crown Heights,203,Overweight or Obese Adults,"152,000 ","63.1 (56.1,69.6)",
2003,Neighborhood (UHF 34),Brooklyn, Bensonhurst - Bay Ridge,209,Overweight or Obese Adults,"69,000 ","49.3 (42.4, 56.2)",
2004,Neighborhood (UHF 34),Brooklyn, Bensonhurst - Bay Ridge,209,Overweight or Obese Adults,"85,000 ","56.3 (49.6, 62.7)",
2005,Neighborhood (UHF 34),Brooklyn, Bensonhurst - Bay Ridge,209,Overweight or Obese Adults,"81,000 ","54.3 (48.0, 60.5)",
2006,Neighborhood (UHF 34),Brooklyn, Bensonhurst - Bay Ridge,209,Overweight or Obese Adults,"73,000 ","49.4 (41.9, 56.9)",
2007,Neighborhood (UHF 34),Brooklyn, Bensonhurst - Bay Ridge,209,Overweight or Obese Adults,"84,000 ","55.9 (48.2, 63.2)",
2008,Neighborhood (UHF 34),Brooklyn, Bensonhurst - Bay Ridge,209,Overweight or Obese Adults,"83,000 ","54.7 (46.2, 63.0)",
2009,Neighborhood (UHF 34),Brooklyn, Bensonhurst - Bay Ridge,209,Overweight or Obese Adults,"80,000 ","52.1 (43.4, 60.7)",
2010,Neighborhood (UHF 34),Brooklyn, Bensonhurst - Bay Ridge,209,Overweight or Obese Adults,"77,000 ","52.0 (43.5, 60.3)",
2011,Neighborhood (UHF 34),Brooklyn, Bensonhurst - Bay Ridge,209,Overweight or Obese Adults,"66,000 ","43.3 (31.3, 56.2)",
2012,Neighborhood (UHF 34),Brooklyn, Bensonhurst - Bay Ridge,209,Overweight or Obese Adults,"81,000 ","52.9 (41.8, 63.7)",
2013,Neighborhood (UHF 34),Brooklyn, Bensonhurst - Bay Ridge,209,Overweight or Obese Adults,"95,000* ","59.4* (48.6, 69.4)",
2014,Neighborhood (UHF 34),Brooklyn, Bensonhurst - Bay Ridge,209,Overweight or Obese Adults,"99,000* ","60.6* (49.6,70.6)",
2003,Neighborhood (UHF 34),Brooklyn, Borough Park,206,Overweight or Obese Adults,"124,000 ","59.0 (52.2, 65.5)",
2004,Neighborhood (UHF 34),Brooklyn, Borough Park,206,Overweight or Obese Adults,"118,000 ","53.2 (46.5, 59.8)",
2005,Neighborhood (UHF 34),Brooklyn, Borough Park,206,Overweight or Obese Adults,"111,000 ","51.7 (44.5, 58.8)",
2006,Neighborhood (UHF 34),Brooklyn, Borough Park,206,Overweight or Obese Adults,"110,000 ","50.5 (43.9, 57.1)",
2007,Neighborhood (UHF 34),Brooklyn, Borough Park,206,Overweight or Obese Adults,"124,000 ","55.8 (49.1, 62.4)",
2008,Neighborhood (UHF 34),Brooklyn, Borough Park,206,Overweight or Obese Adults,"139,000 ","60.7 (52.5, 68.2)",
2009,Neighborhood (UHF 34),Brooklyn, Borough Park,206,Overweight or Obese Adults,"125,000 ","53.8 (45.5, 61.9)",
2010,Neighborhood (UHF 34),Brooklyn, Borough Park,206,Overweight or Obese Adults,"113,000 ","50.3 (41.3, 59.2)",
2011,Neighborhood (UHF 34),Brooklyn, Borough Park,206,Overweight or Obese Adults,"136,000 ","60.0 (48.9, 70.2)",
2012,Neighborhood (UHF 34),Brooklyn, Borough Park,206,Overweight or Obese Adults,"110,000 ","50.1 (40.9, 59.3)",
2013,Neighborhood (UHF 34),Brooklyn, Borough Park,206,Overweight or Obese Adults,"126,000 ","55.6 (46.9, 64.1)",
2014,Neighborhood (UHF 34),Brooklyn, Borough Park,206,Overweight or Obese Adults,"118,000 ","50.3 (41.3,59.2)",
2003,Neighborhood (UHF 34),Brooklyn, Canarsie - Flatlands,208,Overweight or Obese Adults,"73,000 ","56.8 (49.6, 63.8)",
2004,Neighborhood (UHF 34),Brooklyn, Canarsie - Flatlands,208,Overweight or Obese Adults,"85,000 ","61.0 (54.0, 67.6)",
2005,Neighborhood (UHF 34),Brooklyn, Canarsie - Flatlands,208,Overweight or Obese Adults,"86,000 ","62.7 (54.4, 70.3)",
2006,Neighborhood (UHF 34),Brooklyn, Canarsie - Flatlands,208,Overweight or Obese Adults,"93,000 ","67.4 (58.6, 75.1)",
2007,Neighborhood (UHF 34),Brooklyn, Canarsie - Flatlands,208,Overweight or Obese Adults,"94,000 ","68.3 (59.8, 75.7)",
2008,Neighborhood (UHF 34),Brooklyn, Canarsie - Flatlands,208,Overweight or Obese Adults,"97,000 ","67.6 (59.0, 75.1)",
2009,Neighborhood (UHF 34),Brooklyn, Canarsie - Flatlands,208,Overweight or Obese Adults,"87,000 ","60.6 (51.9, 68.7)",
2010,Neighborhood (UHF 34),Brooklyn, Canarsie - Flatlands,208,Overweight or Obese Adults,"97,000 ","68.5 (59.4, 76.4)",
2011,Neighborhood (UHF 34),Brooklyn, Canarsie - Flatlands,208,Overweight or Obese Adults,"94,000 ","65.2 (52.6, 76.0)",
2012,Neighborhood (UHF 34),Brooklyn, Canarsie - Flatlands,208,Overweight or Obese Adults,"85,000 ","60.3 (49.3, 70.3)",
2013,Neighborhood (UHF 34),Brooklyn, Canarsie - Flatlands,208,Overweight or Obese Adults,"102,000* ","67.9* (56.2, 77.7)",
2014,Neighborhood (UHF 34),Brooklyn, Canarsie - Flatlands,208,Overweight or Obese Adults,"94,000* ","64.4* (53.7,73.9)",
2003,Neighborhood (UHF 34),Manhattan, Central Harlem - Morningside Heights,302,Overweight or Obese Adults,"62,000 ","59.0 (51.4, 66.1)",
2004,Neighborhood (UHF 34),Manhattan, Central Harlem - Morningside Heights,302,Overweight or Obese Adults,"65,000 ","60.8 (53.3, 67.8)",
2005,Neighborhood (UHF 34),Manhattan, Central Harlem - Morningside Heights,302,Overweight or Obese Adults,"60,000 ","56.3 (49.3, 63.1)",
2006,Neighborhood (UHF 34),Manhattan, Central Harlem - Morningside Heights,302,Overweight or Obese Adults,"63,000 ","60.6 (53.0, 67.6)",
2007,Neighborhood (UHF 34),Manhattan, Central Harlem - Morningside Heights,302,Overweight or Obese Adults,"66,000 ","60.1 (52.5, 67.3)",
2008,Neighborhood (UHF 34),Manhattan, Central Harlem - Morningside Heights,302,Overweight or Obese Adults,"62,000 ","56.2 (45.1, 66.7)",
2009,Neighborhood (UHF 34),Manhattan, Central Harlem - Morningside Heights,302,Overweight or Obese Adults,"76,000 ","68.1 (56.2, 78.1)",
2010,Neighborhood (UHF 34),Manhattan, Central Harlem - Morningside Heights,302,Overweight or Obese Adults,"56,000 ","53.9 (40.1, 67.1)",
2011,Neighborhood (UHF 34),Manhattan, Central Harlem - Morningside Heights,302,Overweight or Obese Adults,"77,000 ","65.0 (49.1, 78.2)",
2012,Neighborhood (UHF 34),Manhattan, Central Harlem - Morningside Heights,302,Overweight or Obese Adults,"73,000 ","67.4 (54.9, 77.8)",
2013,Neighborhood (UHF 34),Manhattan, Central Harlem - Morningside Heights,302,Overweight or Obese Adults,"62,000 ","52.3 (43.2, 61.3)",
2014,Neighborhood (UHF 34),Manhattan, Central Harlem - Morningside Heights,302,Overweight or Obese Adults,"72,000* ","61.2* (50.6,70.8)",
2003,Neighborhood (UHF 34),Manhattan, Chelsea-Village,306308,Overweight or Obese Adults,"64,000 ","37.6 (30.6, 45.2)",
2004,Neighborhood (UHF 34),Manhattan, Chelsea-Village,306308,Overweight or Obese Adults,"76,000 ","41.9 (35.2, 49.0)",
2005,Neighborhood (UHF 34),Manhattan, Chelsea-Village,306308,Overweight or Obese Adults,"59,000 ","32.7 (26.2, 40.0)",
2006,Neighborhood (UHF 34),Manhattan, Chelsea-Village,306308,Overweight or Obese Adults,"64,000 ","35.7 (28.8, 43.2)",
2007,Neighborhood (UHF 34),Manhattan, Chelsea-Village,306308,Overweight or Obese Adults,"71,000 ","39.0 (31.2, 47.4)",
2008,Neighborhood (UHF 34),Manhattan, Chelsea-Village,306308,Overweight or Obese Adults,"69,000 ","36.7 (29.9, 44.2)",
2009,Neighborhood (UHF 34),Manhattan, Chelsea-Village,306308,Overweight or Obese Adults,"65,000 ","35.0 (27.0, 43.8)",
2010,Neighborhood (UHF 34),Manhattan, Chelsea-Village,306308,Overweight or Obese Adults,"68,000 ","37.6 (27.9, 48.4)",
2011,Neighborhood (UHF 34),Manhattan, Chelsea-Village,306308,Overweight or Obese Adults,"70,000 ","36.5 (26.5, 47.7)",
2012,Neighborhood (UHF 34),Manhattan, Chelsea-Village,306308,Overweight or Obese Adults,"68,000 ","33.8 (26.6, 41.8)",
2013,Neighborhood (UHF 34),Manhattan, Chelsea-Village,306308,Overweight or Obese Adults,"74,000 ","38.6 (31.2, 46.6)",
2014,Neighborhood (UHF 34),Manhattan, Chelsea-Village,306308,Overweight or Obese Adults,"76,000 ","38.9 (30.9,47.6)",
2003,Neighborhood (UHF 34),Brooklyn, Coney Island - Sheepshead Bay,210,Overweight or Obese Adults,"103,000 ","51.0 (44.2, 57.8)",
2004,Neighborhood (UHF 34),Brooklyn, Coney Island - Sheepshead Bay,210,Overweight or Obese Adults,"114,000 ","54.6 (47.8, 61.2)",
2005,Neighborhood (UHF 34),Brooklyn, Coney Island - Sheepshead Bay,210,Overweight or Obese Adults,"117,000 ","57.4 (50.9, 63.6)",
2006,Neighborhood (UHF 34),Brooklyn, Coney Island - Sheepshead Bay,210,Overweight or Obese Adults,"125,000 ","60.6 (54.0, 66.9)",
2007,Neighborhood (UHF 34),Brooklyn, Coney Island - Sheepshead Bay,210,Overweight or Obese Adults,"123,000 ","57.7 (50.8, 64.4)",
2008,Neighborhood (UHF 34),Brooklyn, Coney Island - Sheepshead Bay,210,Overweight or Obese Adults,"124,000 ","56.0 (47.3, 64.3)",
2009,Neighborhood (UHF 34),Brooklyn, Coney Island - Sheepshead Bay,210,Overweight or Obese Adults,"133,000 ","60.8 (52.9, 68.1)",
2010,Neighborhood (UHF 34),Brooklyn, Coney Island - Sheepshead Bay,210,Overweight or Obese Adults,"137,000 ","62.8 (53.9, 71.0)",
2011,Neighborhood (UHF 34),Brooklyn, Coney Island - Sheepshead Bay,210,Overweight or Obese Adults,"124,000 ","56.1 (46.0, 65.7)",
2012,Neighborhood (UHF 34),Brooklyn, Coney Island - Sheepshead Bay,210,Overweight or Obese Adults,"146,000 ","65.8 (55.9, 74.4)",
2013,Neighborhood (UHF 34),Brooklyn, Coney Island - Sheepshead Bay,210,Overweight or Obese Adults,"141,000 ","61.6 (54.0, 68.8)",
2014,Neighborhood (UHF 34),Brooklyn, Coney Island - Sheepshead Bay,210,Overweight or Obese Adults,"141,000 ","62.1 (53.5,69.9)",
2003,Neighborhood (UHF 34),Brooklyn, Downtown - Heights - Slope,202,Overweight or Obese Adults,"73,000 ","46.8 (39.5, 54.2)",
2004,Neighborhood (UHF 34),Brooklyn, Downtown - Heights - Slope,202,Overweight or Obese Adults,"82,000 ","49.8 (42.4, 57.1)",
2005,Neighborhood (UHF 34),Brooklyn, Downtown - Heights - Slope,202,Overweight or Obese Adults,"80,000 ","48.6 (41.6, 55.8)",
2006,Neighborhood (UHF 34),Brooklyn, Downtown - Heights - Slope,202,Overweight or Obese Adults,"81,000 ","48.4 (41.6, 55.3)",
2007,Neighborhood (UHF 34),Brooklyn, Downtown - Heights - Slope,202,Overweight or Obese Adults,"87,000 ","52.3 (45.1, 59.3)",
2008,Neighborhood (UHF 34),Brooklyn, Downtown - Heights - Slope,202,Overweight or Obese Adults,"82,000 ","48.2 (39.1, 57.5)",
2009,Neighborhood (UHF 34),Brooklyn, Downtown - Heights - Slope,202,Overweight or Obese Adults,"76,000 ","46.0 (37.8, 54.4)",
2010,Neighborhood (UHF 34),Brooklyn, Downtown - Heights - Slope,202,Overweight or Obese Adults,"88,000 ","51.5 (41.2, 61.6)",
2011,Neighborhood (UHF 34),Brooklyn, Downtown - Heights - Slope,202,Overweight or Obese Adults,"78,000 ","45.7 (34.9, 57.0)",
2012,Neighborhood (UHF 34),Brooklyn, Downtown - Heights - Slope,202,Overweight or Obese Adults,"82,000 ","47.1 (37.2, 57.2)",
2013,Neighborhood (UHF 34),Brooklyn, Downtown - Heights - Slope,202,Overweight or Obese Adults,"69,000 ","41.0 (32.2, 50.5)",
2014,Neighborhood (UHF 34),Brooklyn, Downtown - Heights - Slope,202,Overweight or Obese Adults,"82,000 ","47.2 (37.4,57.2)",
2003,Neighborhood (UHF 34),Brooklyn, East Flatbush - Flatbush,207,Overweight or Obese Adults,"127,000 ","62.1 (55.3, 68.5)",
2004,Neighborhood (UHF 34),Brooklyn, East Flatbush - Flatbush,207,Overweight or Obese Adults,"127,000 ","58.0 (50.5, 65.0)",
2005,Neighborhood (UHF 34),Brooklyn, East Flatbush - Flatbush,207,Overweight or Obese Adults,"130,000 ","62.4 (56.4, 68.1)",
2006,Neighborhood (UHF 34),Brooklyn, East Flatbush - Flatbush,207,Overweight or Obese Adults,"131,000 ","60.9 (54.2, 67.3)",
2007,Neighborhood (UHF 34),Brooklyn, East Flatbush - Flatbush,207,Overweight or Obese Adults,"134,000 ","61.2 (55.1, 67.0)",
2008,Neighborhood (UHF 34),Brooklyn, East Flatbush - Flatbush,207,Overweight or Obese Adults,"131,000 ","59.9 (50.8, 68.4)",
2009,Neighborhood (UHF 34),Brooklyn, East Flatbush - Flatbush,207,Overweight or Obese Adults,"157,000 ","70.6 (62.0, 78.0)",
2010,Neighborhood (UHF 34),Brooklyn, East Flatbush - Flatbush,207,Overweight or Obese Adults,"141,000 ","63.4 (53.2, 72.5)",
2011,Neighborhood (UHF 34),Brooklyn, East Flatbush - Flatbush,207,Overweight or Obese Adults,"166,000 ","74.9 (65.2, 82.6)",
2012,Neighborhood (UHF 34),Brooklyn, East Flatbush - Flatbush,207,Overweight or Obese Adults,"124,000 ","56.0 (46.1, 65.5)",
2013,Neighborhood (UHF 34),Brooklyn, East Flatbush - Flatbush,207,Overweight or Obese Adults,"120,000 ","54.5 (45.6, 63.2)",
2014,Neighborhood (UHF 34),Brooklyn, East Flatbush - Flatbush,207,Overweight or Obese Adults,"161,000 ","70.2 (62.1,77.1)",
2003,Neighborhood (UHF 34),Manhattan, East Harlem,303,Overweight or Obese Adults,"45,000 ","63.4 (55.8, 70.4)",
2004,Neighborhood (UHF 34),Manhattan, East Harlem,303,Overweight or Obese Adults,"44,000 ","59.1 (50.7, 67.0)",
2005,Neighborhood (UHF 34),Manhattan, East Harlem,303,Overweight or Obese Adults,"43,000 ","60.6 (52.2, 68.5)",
2006,Neighborhood (UHF 34),Manhattan, East Harlem,303,Overweight or Obese Adults,"44,000 ","62.7 (52.5, 71.8)",
2007,Neighborhood (UHF 34),Manhattan, East Harlem,303,Overweight or Obese Adults,"52,000 ","69.5 (58.1, 78.9)",
2008,Neighborhood (UHF 34),Manhattan, East Harlem,303,Overweight or Obese Adults,"57,000 ","77.3 (66.6, 85.4)",
2009,Neighborhood (UHF 34),Manhattan, East Harlem,303,Overweight or Obese Adults,"52,000 ","67.9 (51.5, 80.8)",
2010,Neighborhood (UHF 34),Manhattan, East Harlem,303,Overweight or Obese Adults,"37,000 ","48.3 (33.0, 64.1)",
2011,Neighborhood (UHF 34),Manhattan, East Harlem,303,Overweight or Obese Adults,"53,000 ","68.2 (46.6, 84.1)",
2012,Neighborhood (UHF 34),Manhattan, East Harlem,303,Overweight or Obese Adults,"45,000 ","63.1 (47.1, 76.6)",
2013,Neighborhood (UHF 34),Manhattan, East Harlem,303,Overweight or Obese Adults,"52,000 ","67.1 (56.9, 75.9)",
2014,Neighborhood (UHF 34),Manhattan, East Harlem,303,Overweight or Obese Adults,"50,000* ","62.7* (51.4,72.7)",
2003,Neighborhood (UHF 34),Brooklyn, East New York,204,Overweight or Obese Adults,"70,000 ","66.1 (59.3, 72.3)",
2004,Neighborhood (UHF 34),Brooklyn, East New York,204,Overweight or Obese Adults,"70,000 ","65.4 (58.2, 71.8)",
2005,Neighborhood (UHF 34),Brooklyn, East New York,204,Overweight or Obese Adults,"65,000 ","64.0 (55.2, 71.9)",
2006,Neighborhood (UHF 34),Brooklyn, East New York,204,Overweight or Obese Adults,"75,000 ","67.5 (57.9, 75.9)",
2007,Neighborhood (UHF 34),Brooklyn, East New York,204,Overweight or Obese Adults,"75,000 ","70.3 (60.6, 78.6)",
2008,Neighborhood (UHF 34),Brooklyn, East New York,204,Overweight or Obese Adults,"82,000 ","71.7 (61.6, 80.0)",
2009,Neighborhood (UHF 34),Brooklyn, East New York,204,Overweight or Obese Adults,"68,000 ","61.4 (50.7, 71.1)",
2010,Neighborhood (UHF 34),Brooklyn, East New York,204,Overweight or Obese Adults,"68,000 ","64.8 (55.6, 73.1)",
2011,Neighborhood (UHF 34),Brooklyn, East New York,204,Overweight or Obese Adults,"84,000 ","66.9 (56.8, 75.6)",
2012,Neighborhood (UHF 34),Brooklyn, East New York,204,Overweight or Obese Adults,"93,000 ","71.9 (63.4, 79.0)",
2013,Neighborhood (UHF 34),Brooklyn, East New York,204,Overweight or Obese Adults,"75,000 ","57.3 (47.3, 66.8)",
2014,Neighborhood (UHF 34),Brooklyn, East New York,204,Overweight or Obese Adults,"81,000 ","60.6 (51.1,69.4)",
2003,Neighborhood (UHF 34),Queens, Flushing - Clearview,403,Overweight or Obese Adults,"87,000 ","49.7 (43.0, 56.3)",
2004,Neighborhood (UHF 34),Queens, Flushing - Clearview,403,Overweight or Obese Adults,"96,000 ","48.5 (41.5, 55.5)",
2005,Neighborhood (UHF 34),Queens, Flushing - Clearview,403,Overweight or Obese Adults,"95,000 ","48.5 (40.5, 56.5)",
2006,Neighborhood (UHF 34),Queens, Flushing - Clearview,403,Overweight or Obese Adults,"90,000 ","47.3 (39.8, 54.9)",
2007,Neighborhood (UHF 34),Queens, Flushing - Clearview,403,Overweight or Obese Adults,"90,000 ","47.3 (39.1, 55.8)",
2008,Neighborhood (UHF 34),Queens, Flushing - Clearview,403,Overweight or Obese Adults,"82,000 ","40.7 (31.7, 50.4)",
2009,Neighborhood (UHF 34),Queens, Flushing - Clearview,403,Overweight or Obese Adults,"95,000 ","49.4 (40.8, 58.1)",
2010,Neighborhood (UHF 34),Queens, Flushing - Clearview,403,Overweight or Obese Adults,"103,000 ","51.6 (41.7, 61.3)",
2011,Neighborhood (UHF 34),Queens, Flushing - Clearview,403,Overweight or Obese Adults,"100,000 ","48.4 (36.9, 60.1)",
2012,Neighborhood (UHF 34),Queens, Flushing - Clearview,403,Overweight or Obese Adults,"96,000 ","47.3 (38.8, 56.0)",
2013,Neighborhood (UHF 34),Queens, Flushing - Clearview,403,Overweight or Obese Adults,"75,000 ","37.5 (30.6, 45.1)",
2014,Neighborhood (UHF 34),Queens, Flushing - Clearview,403,Overweight or Obese Adults,"110,000 ","51.1 (43.2,59.1)",
2003,Neighborhood (UHF 34),Bronx, Fordham - Bronx Pk,103,Overweight or Obese Adults,"95,000 ","62.3 (54.4, 69.6)",
2004,Neighborhood (UHF 34),Bronx, Fordham - Bronx Pk,103,Overweight or Obese Adults,"100,000 ","61.4 (54.4, 68.0)",
2005,Neighborhood (UHF 34),Bronx, Fordham - Bronx Pk,103,Overweight or Obese Adults,"105,000 ","64.0 (53.4, 73.4)",
2006,Neighborhood (UHF 34),Bronx, Fordham - Bronx Pk,103,Overweight or Obese Adults,"101,000 ","61.0 (51.4, 69.7)",
2007,Neighborhood (UHF 34),Bronx, Fordham - Bronx Pk,103,Overweight or Obese Adults,"108,000 ","63.3 (52.8, 72.7)",
2008,Neighborhood (UHF 34),Bronx, Fordham - Bronx Pk,103,Overweight or Obese Adults,"106,000 ","62.1 (52.6, 70.7)",
2009,Neighborhood (UHF 34),Bronx, Fordham - Bronx Pk,103,Overweight or Obese Adults,"116,000 ","67.9 (59.3, 75.4)",
2010,Neighborhood (UHF 34),Bronx, Fordham - Bronx Pk,103,Overweight or Obese Adults,"126,000 ","74.9 (66.8, 81.6)",
2011,Neighborhood (UHF 34),Bronx, Fordham - Bronx Pk,103,Overweight or Obese Adults,"113,000 ","70.7 (58.3, 80.6)",
2012,Neighborhood (UHF 34),Bronx, Fordham - Bronx Pk,103,Overweight or Obese Adults,"117,000 ","67.3 (56.7, 76.4)",
2013,Neighborhood (UHF 34),Bronx, Fordham - Bronx Pk,103,Overweight or Obese Adults,"121,000 ","69.5 (60.6, 77.1)",
2014,Neighborhood (UHF 34),Bronx, Fordham - Bronx Pk,103,Overweight or Obese Adults,"127,000 ","69.8 (62.1,76.5)",
2003,Neighborhood (UHF 34),Brooklyn, Greenpoint,201,Overweight or Obese Adults,"43,000 ","51.8 (44.4, 59.1)",
2004,Neighborhood (UHF 34),Brooklyn, Greenpoint,201,Overweight or Obese Adults,"39,000 ","46.8 (38.5, 55.3)",
2005,Neighborhood (UHF 34),Brooklyn, Greenpoint,201,Overweight or Obese Adults,"41,000 ","48.5 (39.0, 58.1)",
2006,Neighborhood (UHF 34),Brooklyn, Greenpoint,201,Overweight or Obese Adults,"50,000 ","58.2 (48.9, 66.9)",
2007,Neighborhood (UHF 34),Brooklyn, Greenpoint,201,Overweight or Obese Adults,"52,000 ","59.8 (49.4, 69.3)",
2008,Neighborhood (UHF 34),Brooklyn, Greenpoint,201,Overweight or Obese Adults,"53,000 ","59.6 (49.7, 68.9)",
2009,Neighborhood (UHF 34),Brooklyn, Greenpoint,201,Overweight or Obese Adults,"51,000 ","58.3 (47.4, 68.5)",
2010,Neighborhood (UHF 34),Brooklyn, Greenpoint,201,Overweight or Obese Adults,"48,000 ","55.3 (43.2, 66.8)",
2011,Neighborhood (UHF 34),Brooklyn, Greenpoint,201,Overweight or Obese Adults,"44,000 ","44.7 (31.1, 59.2)",
2012,Neighborhood (UHF 34),Brooklyn, Greenpoint,201,Overweight or Obese Adults,"56,000 ","55.6 (45.2, 65.6)",
2013,Neighborhood (UHF 34),Brooklyn, Greenpoint,201,Overweight or Obese Adults,"42,000* ","45.4* (34.7, 56.5)",
2014,Neighborhood (UHF 34),Brooklyn, Greenpoint,201,Overweight or Obese Adults,"36,000* ","36.7* (26.6,48.2)",
2003,Neighborhood (UHF 34),Queens, Jamaica,408,Overweight or Obese Adults,"114,000 ","59.3 (52.3, 65.8)",
2004,Neighborhood (UHF 34),Queens, Jamaica,408,Overweight or Obese Adults,"122,000 ","63.0 (56.0, 69.5)",
2005,Neighborhood (UHF 34),Queens, Jamaica,408,Overweight or Obese Adults,"123,000 ","62.1 (56.0, 67.8)",
2006,Neighborhood (UHF 34),Queens, Jamaica,408,Overweight or Obese Adults,"122,000 ","61.3 (54.4, 67.9)",
2007,Neighborhood (UHF 34),Queens, Jamaica,408,Overweight or Obese Adults,"125,000 ","62.8 (55.3, 69.7)",
2008,Neighborhood (UHF 34),Queens, Jamaica,408,Overweight or Obese Adults,"131,000 ","62.8 (54.1, 70.7)",
2009,Neighborhood (UHF 34),Queens, Jamaica,408,Overweight or Obese Adults,"129,000 ","62.9 (53.5, 71.5)",
2010,Neighborhood (UHF 34),Queens, Jamaica,408,Overweight or Obese Adults,"143,000 ","70.6 (61.0, 78.6)",
2011,Neighborhood (UHF 34),Queens, Jamaica,408,Overweight or Obese Adults,"124,000 ","58.5 (48.3, 68.0)",
2012,Neighborhood (UHF 34),Queens, Jamaica,408,Overweight or Obese Adults,"111,000 ","52.5 (43.2, 61.6)",
2013,Neighborhood (UHF 34),Queens, Jamaica,408,Overweight or Obese Adults,"130,000 ","60.4 (52.0, 68.2)",
2014,Neighborhood (UHF 34),Queens, Jamaica,408,Overweight or Obese Adults,"153,000 ","69.6 (61.8,76.5)",
2003,Neighborhood (UHF 34),Bronx, Kingsbridge - Riverdale,101,Overweight or Obese Adults,"32,000 ","49.7 (42.1, 57.2)",
2004,Neighborhood (UHF 34),Bronx, Kingsbridge - Riverdale,101,Overweight or Obese Adults,"39,000 ","55.8 (47.0, 64.1)",
2005,Neighborhood (UHF 34),Bronx, Kingsbridge - Riverdale,101,Overweight or Obese Adults,"36,000 ","54.8 (44.0, 65.1)",
2006,Neighborhood (UHF 34),Bronx, Kingsbridge - Riverdale,101,Overweight or Obese Adults,"38,000 ","55.6 (46.1, 64.7)",
2007,Neighborhood (UHF 34),Bronx, Kingsbridge - Riverdale,101,Overweight or Obese Adults,"37,000 ","53.3 (43.4, 62.9)",
2008,Neighborhood (UHF 34),Bronx, Kingsbridge - Riverdale,101,Overweight or Obese Adults,"41,000 ","59.2 (49.6, 68.1)",
2009,Neighborhood (UHF 34),Bronx, Kingsbridge - Riverdale,101,Overweight or Obese Adults,"37,000 ","54.9 (44.6, 64.8)",
2010,Neighborhood (UHF 34),Bronx, Kingsbridge - Riverdale,101,Overweight or Obese Adults,"42,000 ","60.6 (48.3, 71.7)",
2011,Neighborhood (UHF 34),Bronx, Kingsbridge - Riverdale,101,Overweight or Obese Adults,"32,000 ","47.3 (35.6, 59.4)",
2012,Neighborhood (UHF 34),Bronx, Kingsbridge - Riverdale,101,Overweight or Obese Adults,"34,000 ","50.7 (39.6, 61.6)",
2013,Neighborhood (UHF 34),Bronx, Kingsbridge - Riverdale,101,Overweight or Obese Adults,"42,000* ","62.1* (49.8, 73.0)",
2014,Neighborhood (UHF 34),Bronx, Kingsbridge - Riverdale,101,Overweight or Obese Adults,"42,000* ","60.9* (45.0,74.7)",
2003,Neighborhood (UHF 34),Queens, Long Island City - Astoria,401,Overweight or Obese Adults,"89,000 ","54.2 (47.3, 61.0)",
2004,Neighborhood (UHF 34),Queens, Long Island City - Astoria,401,Overweight or Obese Adults,"89,000 ","53.6 (46.3, 60.8)",
2005,Neighborhood (UHF 34),Queens, Long Island City - Astoria,401,Overweight or Obese Adults,"93,000 ","54.7 (47.7, 61.5)",
2006,Neighborhood (UHF 34),Queens, Long Island City - Astoria,401,Overweight or Obese Adults,"96,000 ","56.0 (48.1, 63.6)",
2007,Neighborhood (UHF 34),Queens, Long Island City - Astoria,401,Overweight or Obese Adults,"90,000 ","54.2 (46.1, 62.1)",
2008,Neighborhood (UHF 34),Queens, Long Island City - Astoria,401,Overweight or Obese Adults,"96,000 ","54.6 (45.6, 63.2)",
2009,Neighborhood (UHF 34),Queens, Long Island City - Astoria,401,Overweight or Obese Adults,"81,000 ","49.1 (40.2, 58.1)",
2010,Neighborhood (UHF 34),Queens, Long Island City - Astoria,401,Overweight or Obese Adults,"98,000 ","55.3 (45.3, 64.8)",
2011,Neighborhood (UHF 34),Queens, Long Island City - Astoria,401,Overweight or Obese Adults,"113,000 ","67.5 (56.5, 76.9)",
2012,Neighborhood (UHF 34),Queens, Long Island City - Astoria,401,Overweight or Obese Adults,"105,000 ","63.4 (52.3, 73.3)",
2013,Neighborhood (UHF 34),Queens, Long Island City - Astoria,401,Overweight or Obese Adults,"71,000* ","45.1* (34.4, 56.3)",
2014,Neighborhood (UHF 34),Queens, Long Island City - Astoria,401,Overweight or Obese Adults,"101,000 ","57.6 (47.6,67.1)",
2003,Neighborhood (UHF 34),Bronx, Northeast Bronx,102,Overweight or Obese Adults,"81,000 ","62.9 (55.9, 69.4)",
2004,Neighborhood (UHF 34),Bronx, Northeast Bronx,102,Overweight or Obese Adults,"92,000 ","69.5 (62.5, 75.7)",
2005,Neighborhood (UHF 34),Bronx, Northeast Bronx,102,Overweight or Obese Adults,"78,000 ","63.4 (54.9, 71.1)",
2006,Neighborhood (UHF 34),Bronx, Northeast Bronx,102,Overweight or Obese Adults,"84,000 ","62.3 (53.3, 70.5)",
2007,Neighborhood (UHF 34),Bronx, Northeast Bronx,102,Overweight or Obese Adults,"95,000 ","73.0 (64.4, 80.1)",
2008,Neighborhood (UHF 34),Bronx, Northeast Bronx,102,Overweight or Obese Adults,"102,000 ","73.8 (65.2, 80.9)",
2009,Neighborhood (UHF 34),Bronx, Northeast Bronx,102,Overweight or Obese Adults,"87,000 ","66.1 (58.3, 73.1)",
2010,Neighborhood (UHF 34),Bronx, Northeast Bronx,102,Overweight or Obese Adults,"95,000 ","72.1 (63.1, 79.6)",
2011,Neighborhood (UHF 34),Bronx, Northeast Bronx,102,Overweight or Obese Adults,"108,000 ","78.7 (66.3, 87.4)",
2012,Neighborhood (UHF 34),Bronx, Northeast Bronx,102,Overweight or Obese Adults,"97,000 ","69.1 (58.8, 77.8)",
2013,Neighborhood (UHF 34),Bronx, Northeast Bronx,102,Overweight or Obese Adults,"97,000 ","70.7 (60.9, 78.9)",
2014,Neighborhood (UHF 34),Bronx, Northeast Bronx,102,Overweight or Obese Adults,"97,000* ","67.6* (55.0,78.0)",
2003,Neighborhood (UHF 34),Staten Island, Northern SI,501502,Overweight or Obese Adults,"65,000 ","54.2 (46.6, 61.5)",
2004,Neighborhood (UHF 34),Staten Island, Northern SI,501502,Overweight or Obese Adults,"81,000 ","65.5 (59.0, 71.6)",
2005,Neighborhood (UHF 34),Staten Island, Northern SI,501502,Overweight or Obese Adults,"74,000 ","60.3 (53.7, 66.5)",
2006,Neighborhood (UHF 34),Staten Island, Northern SI,501502,Overweight or Obese Adults,"78,000 ","63.9 (56.9, 70.4)",
2007,Neighborhood (UHF 34),Staten Island, Northern SI,501502,Overweight or Obese Adults,"77,000 ","60.9 (53.6, 67.7)",
2008,Neighborhood (UHF 34),Staten Island, Northern SI,501502,Overweight or Obese Adults,"89,000 ","68.9 (61.5, 75.4)",
2009,Neighborhood (UHF 34),Staten Island, Northern SI,501502,Overweight or Obese Adults,"70,000 ","56.9 (49.4, 64.1)",
2010,Neighborhood (UHF 34),Staten Island, Northern SI,501502,Overweight or Obese Adults,"83,000 ","64.5 (54.7, 73.2)",
2011,Neighborhood (UHF 34),Staten Island, Northern SI,501502,Overweight or Obese Adults,"98,000 ","72.3 (61.9, 80.8)",
2012,Neighborhood (UHF 34),Staten Island, Northern SI,501502,Overweight or Obese Adults,"91,000 ","66.1 (57.1, 74.1)",
2013,Neighborhood (UHF 34),Staten Island, Northern SI,501502,Overweight or Obese Adults,"86,000 ","62.1 (53.8, 69.7)",
2014,Neighborhood (UHF 34),Staten Island, Northern SI,501502,Overweight or Obese Adults,"92,000 ","64.5 (55.6,72.5)",
2003,Neighborhood (UHF 34),Bronx, Pelham - Throgs Neck,104,Overweight or Obese Adults,"119,000 ","61.4 (54.1, 68.2)",
2004,Neighborhood (UHF 34),Bronx, Pelham - Throgs Neck,104,Overweight or Obese Adults,"130,000 ","63.6 (56.4, 70.3)",
2005,Neighborhood (UHF 34),Bronx, Pelham - Throgs Neck,104,Overweight or Obese Adults,"128,000 ","64.5 (55.4, 72.6)",
2006,Neighborhood (UHF 34),Bronx, Pelham - Throgs Neck,104,Overweight or Obese Adults,"138,000 ","67.3 (59.4, 74.3)",
2007,Neighborhood (UHF 34),Bronx, Pelham - Throgs Neck,104,Overweight or Obese Adults,"129,000 ","61.4 (52.4, 69.7)",
2008,Neighborhood (UHF 34),Bronx, Pelham - Throgs Neck,104,Overweight or Obese Adults,"140,000 ","66.4 (56.5, 75.1)",
2009,Neighborhood (UHF 34),Bronx, Pelham - Throgs Neck,104,Overweight or Obese Adults,"145,000 ","70.2 (62.3, 77.0)",
2010,Neighborhood (UHF 34),Bronx, Pelham - Throgs Neck,104,Overweight or Obese Adults,"145,000 ","68.5 (59.4, 76.3)",
2011,Neighborhood (UHF 34),Bronx, Pelham - Throgs Neck,104,Overweight or Obese Adults,"138,000 ","66.7 (55.2, 76.5)",
2012,Neighborhood (UHF 34),Bronx, Pelham - Throgs Neck,104,Overweight or Obese Adults,"137,000 ","66.3 (56.0, 75.3)",
2013,Neighborhood (UHF 34),Bronx, Pelham - Throgs Neck,104,Overweight or Obese Adults,"148,000 ","69.2 (62.2, 75.4)",
2014,Neighborhood (UHF 34),Bronx, Pelham - Throgs Neck,104,Overweight or Obese Adults,"157,000 ","69.5 (61.2,76.7)",
2003,Neighborhood (UHF 34),Queens, Ridgewood - Forest Hills,405,Overweight or Obese Adults,"90,000 ","48.9 (42.3, 55.5)",
2004,Neighborhood (UHF 34),Queens, Ridgewood - Forest Hills,405,Overweight or Obese Adults,"101,000 ","55.7 (48.9, 62.3)",
2005,Neighborhood (UHF 34),Queens, Ridgewood - Forest Hills,405,Overweight or Obese Adults,"86,000 ","46.8 (39.9, 53.7)",
2006,Neighborhood (UHF 34),Queens, Ridgewood - Forest Hills,405,Overweight or Obese Adults,"108,000 ","59.2 (52.1, 66.0)",
2007,Neighborhood (UHF 34),Queens, Ridgewood - Forest Hills,405,Overweight or Obese Adults,"106,000 ","57.0 (49.0, 64.6)",
2008,Neighborhood (UHF 34),Queens, Ridgewood - Forest Hills,405,Overweight or Obese Adults,"118,000 ","62.7 (53.8, 70.8)",
2009,Neighborhood (UHF 34),Queens, Ridgewood - Forest Hills,405,Overweight or Obese Adults,"111,000 ","59.9 (51.4, 67.9)",
2010,Neighborhood (UHF 34),Queens, Ridgewood - Forest Hills,405,Overweight or Obese Adults,"97,000 ","51.7 (42.1, 61.1)",
2011,Neighborhood (UHF 34),Queens, Ridgewood - Forest Hills,405,Overweight or Obese Adults,"87,000 ","47.5 (37.5, 57.8)",
2012,Neighborhood (UHF 34),Queens, Ridgewood - Forest Hills,405,Overweight or Obese Adults,"93,000 ","49.9 (40.7, 59.2)",
2013,Neighborhood (UHF 34),Queens, Ridgewood - Forest Hills,405,Overweight or Obese Adults,"101,000 ","51.6 (43.0, 60.0)",
2014,Neighborhood (UHF 34),Queens, Ridgewood - Forest Hills,405,Overweight or Obese Adults,"108,000 ","53.3 (44.0,62.4)",
2003,Neighborhood (UHF 34),Queens, Rockaways,410,Overweight or Obese Adults,"44,000 ","64.0 (56.3, 71.0)",
2004,Neighborhood (UHF 34),Queens, Rockaways,410,Overweight or Obese Adults,"48,000 ","64.3 (56.5, 71.4)",
2005,Neighborhood (UHF 34),Queens, Rockaways,410,Overweight or Obese Adults,"41,000 ","60.9 (50.5, 70.5)",
2006,Neighborhood (UHF 34),Queens, Rockaways,410,Overweight or Obese Adults,"50,000 ","69.6 (59.4, 78.1)",
2007,Neighborhood (UHF 34),Queens, Rockaways,410,Overweight or Obese Adults,"51,000 ","70.0 (59.3, 78.9)",
2008,Neighborhood (UHF 34),Queens, Rockaways,410,Overweight or Obese Adults,"49,000 ","67.3 (57.2, 76.0)",
2009,Neighborhood (UHF 34),Queens, Rockaways,410,Overweight or Obese Adults,"47,000 ","62.2 (50.9, 72.4)",
2010,Neighborhood (UHF 34),Queens, Rockaways,410,Overweight or Obese Adults,"47,000 ","64.1 (53.3, 73.6)",
2011,Neighborhood (UHF 34),Queens, Rockaways,410,Overweight or Obese Adults,"50,000 ","64.3 (52.0, 74.9)",
2012,Neighborhood (UHF 34),Queens, Rockaways,410,Overweight or Obese Adults,"51,000 ","67.6 (54.2, 78.6)",
2013,Neighborhood (UHF 34),Queens, Rockaways,410,Overweight or Obese Adults,"53,000* ","67.8* (54.5, 78.7)",
2014,Neighborhood (UHF 34),Queens, Rockaways,410,Overweight or Obese Adults,"51,000* ","62.7* (48.1,75.4)",
2003,Neighborhood (UHF 34),Bronx, South Bronx,105106107,Overweight or Obese Adults,"197,000 ","67.1 (61.2, 72.6)",
2004,Neighborhood (UHF 34),Bronx, South Bronx,105106107,Overweight or Obese Adults,"210,000 ","65.6 (59.0, 71.6)",
2005,Neighborhood (UHF 34),Bronx, South Bronx,105106107,Overweight or Obese Adults,"208,000 ","66.2 (61.9, 70.3)",
2006,Neighborhood (UHF 34),Bronx, South Bronx,105106107,Overweight or Obese Adults,"214,000 ","68.2 (63.1, 72.9)",
2007,Neighborhood (UHF 34),Bronx, South Bronx,105106107,Overweight or Obese Adults,"218,000 ","68.0 (63.3, 72.5)",
2008,Neighborhood (UHF 34),Bronx, South Bronx,105106107,Overweight or Obese Adults,"231,000 ","71.0 (65.2, 76.3)",
2009,Neighborhood (UHF 34),Bronx, South Bronx,105106107,Overweight or Obese Adults,"226,000 ","69.9 (64.2, 75.0)",
2010,Neighborhood (UHF 34),Bronx, South Bronx,105106107,Overweight or Obese Adults,"215,000 ","66.7 (61.3, 71.7)",
2011,Neighborhood (UHF 34),Bronx, South Bronx,105106107,Overweight or Obese Adults,"226,000 ","64.0 (57.1, 70.4)",
2012,Neighborhood (UHF 34),Bronx, South Bronx,105106107,Overweight or Obese Adults,"227,000 ","63.0 (57.0, 68.7)",
2013,Neighborhood (UHF 34),Bronx, South Bronx,105106107,Overweight or Obese Adults,"259,000 ","70.0 (65.4, 74.2)",
2014,Neighborhood (UHF 34),Bronx, South Bronx,105106107,Overweight or Obese Adults,"254,000 ","67.4 (62.0,72.3)",
2003,Neighborhood (UHF 34),Queens, Southeast Queens,409,Overweight or Obese Adults,"82,000 ","60.0 (53.1, 66.5)",
2004,Neighborhood (UHF 34),Queens, Southeast Queens,409,Overweight or Obese Adults,"88,000 ","60.5 (53.9, 66.8)",
2005,Neighborhood (UHF 34),Queens, Southeast Queens,409,Overweight or Obese Adults,"85,000 ","58.1 (51.0, 64.8)",
2006,Neighborhood (UHF 34),Queens, Southeast Queens,409,Overweight or Obese Adults,"78,000 ","55.4 (47.9, 62.8)",
2007,Neighborhood (UHF 34),Queens, Southeast Queens,409,Overweight or Obese Adults,"90,000 ","62.0 (54.6, 69.0)",
2008,Neighborhood (UHF 34),Queens, Southeast Queens,409,Overweight or Obese Adults,"99,000 ","65.8 (56.5, 73.9)",
2009,Neighborhood (UHF 34),Queens, Southeast Queens,409,Overweight or Obese Adults,"107,000 ","71.2 (62.4, 78.7)",
2010,Neighborhood (UHF 34),Queens, Southeast Queens,409,Overweight or Obese Adults,"100,000 ","67.1 (57.7, 75.2)",
2011,Neighborhood (UHF 34),Queens, Southeast Queens,409,Overweight or Obese Adults,"87,000 ","63.3 (52.5, 72.8)",
2012,Neighborhood (UHF 34),Queens, Southeast Queens,409,Overweight or Obese Adults,"96,000 ","62.8 (53.4, 71.4)",
2013,Neighborhood (UHF 34),Queens, Southeast Queens,409,Overweight or Obese Adults,"88,000 ","57.7 (47.4, 67.3)",
2014,Neighborhood (UHF 34),Queens, Southeast Queens,409,Overweight or Obese Adults,"81,000 ","53.4 (43.4,63.1)",
2003,Neighborhood (UHF 34),Staten Island, Southern SI,503504,Overweight or Obese Adults,"91,000 ","52.4 (44.8, 59.9)",
2004,Neighborhood (UHF 34),Staten Island, Southern SI,503504,Overweight or Obese Adults,"130,000 ","67.5 (60.7, 73.5)",
2005,Neighborhood (UHF 34),Staten Island, Southern SI,503504,Overweight or Obese Adults,"98,000 ","52.4 (46.7, 58.1)",
2006,Neighborhood (UHF 34),Staten Island, Southern SI,503504,Overweight or Obese Adults,"119,000 ","62.2 (56.1, 67.9)",
2007,Neighborhood (UHF 34),Staten Island, Southern SI,503504,Overweight or Obese Adults,"118,000 ","61.4 (55.0, 67.4)",
2008,Neighborhood (UHF 34),Staten Island, Southern SI,503504,Overweight or Obese Adults,"126,000 ","63.9 (56.3, 70.9)",
2009,Neighborhood (UHF 34),Staten Island, Southern SI,503504,Overweight or Obese Adults,"114,000 ","58.7 (52.9, 64.3)",
2010,Neighborhood (UHF 34),Staten Island, Southern SI,503504,Overweight or Obese Adults,"115,000 ","60.7 (52.8, 68.1)",
2011,Neighborhood (UHF 34),Staten Island, Southern SI,503504,Overweight or Obese Adults,"143,000 ","70.4 (61.5, 78.0)",
2012,Neighborhood (UHF 34),Staten Island, Southern SI,503504,Overweight or Obese Adults,"136,000 ","64.3 (56.4, 71.4)",
2013,Neighborhood (UHF 34),Staten Island, Southern SI,503504,Overweight or Obese Adults,"138,000 ","65.7 (58.6, 72.1)",
2014,Neighborhood (UHF 34),Staten Island, Southern SI,503504,Overweight or Obese Adults,"140,000 ","65.5 (58.8,71.7)",
2003,Neighborhood (UHF 34),Queens, Southwest Queens,407,Overweight or Obese Adults,"105,000 ","56.3 (49.7, 62.6)",
2004,Neighborhood (UHF 34),Queens, Southwest Queens,407,Overweight or Obese Adults,"96,000 ","50.0 (42.3, 57.7)",
2005,Neighborhood (UHF 34),Queens, Southwest Queens,407,Overweight or Obese Adults,"111,000 ","59.9 (53.1, 66.3)",
2006,Neighborhood (UHF 34),Queens, Southwest Queens,407,Overweight or Obese Adults,"114,000 ","62.1 (55.1, 68.6)",
2007,Neighborhood (UHF 34),Queens, Southwest Queens,407,Overweight or Obese Adults,"105,000 ","53.9 (46.6, 61.1)",
2008,Neighborhood (UHF 34),Queens, Southwest Queens,407,Overweight or Obese Adults,"137,000 ","67.9 (59.0, 75.7)",
2009,Neighborhood (UHF 34),Queens, Southwest Queens,407,Overweight or Obese Adults,"118,000 ","61.4 (52.3, 69.7)",
2010,Neighborhood (UHF 34),Queens, Southwest Queens,407,Overweight or Obese Adults,"116,000 ","60.1 (50.1, 69.4)",
2011,Neighborhood (UHF 34),Queens, Southwest Queens,407,Overweight or Obese Adults,"115,000 ","58.7 (48.4, 68.4)",
2012,Neighborhood (UHF 34),Queens, Southwest Queens,407,Overweight or Obese Adults,"130,000 ","64.9 (54.7, 73.8)",
2013,Neighborhood (UHF 34),Queens, Southwest Queens,407,Overweight or Obese Adults,"133,000 ","66.4 (57.6, 74.2)",
2014,Neighborhood (UHF 34),Queens, Southwest Queens,407,Overweight or Obese Adults,"132,000 ","63.7 (53.7,72.7)",
2003,Neighborhood (UHF 34),Brooklyn, Sunset Park,205,Overweight or Obese Adults,"45,000 ","59.1 (49.9, 67.7)",
2004,Neighborhood (UHF 34),Brooklyn, Sunset Park,205,Overweight or Obese Adults,"41,000 ","50.0 (41.4, 58.6)",
2005,Neighborhood (UHF 34),Brooklyn, Sunset Park,205,Overweight or Obese Adults,"55,000 ","67.4 (57.3, 76.1)",
2006,Neighborhood (UHF 34),Brooklyn, Sunset Park,205,Overweight or Obese Adults,"50,000 ","63.8 (52.3, 73.9)",
2007,Neighborhood (UHF 34),Brooklyn, Sunset Park,205,Overweight or Obese Adults,"49,000 ","57.8 (46.8, 68.2)",
2008,Neighborhood (UHF 34),Brooklyn, Sunset Park,205,Overweight or Obese Adults,"43,000 ","52.1 (38.0, 65.9)",
2009,Neighborhood (UHF 34),Brooklyn, Sunset Park,205,Overweight or Obese Adults,"49,000 ","58.2 (45.3, 70.1)",
2010,Neighborhood (UHF 34),Brooklyn, Sunset Park,205,Overweight or Obese Adults,"44,000 ","51.0 (37.5, 64.3)",
2011,Neighborhood (UHF 34),Brooklyn, Sunset Park,205,Overweight or Obese Adults,"43,000 ","48.9 (31.4, 66.6)",
2012,Neighborhood (UHF 34),Brooklyn, Sunset Park,205,Overweight or Obese Adults,"39,000 ","44.3 (32.7, 56.5)",
2013,Neighborhood (UHF 34),Brooklyn, Sunset Park,205,Overweight or Obese Adults,"42,000 ","48.2 (38.4, 58.1)",
2014,Neighborhood (UHF 34),Brooklyn, Sunset Park,205,Overweight or Obese Adults,"51,000 ","53.4 (43.5,63.1)",
2003,Neighborhood (UHF 34),Manhattan, Union Square-Lower Manhattan,309310,Overweight or Obese Adults,"78,000 ","44.4 (37.9, 51.0)",
2004,Neighborhood (UHF 34),Manhattan, Union Square-Lower Manhattan,309310,Overweight or Obese Adults,"74,000 ","40.1 (32.5, 48.3)",
2005,Neighborhood (UHF 34),Manhattan, Union Square-Lower Manhattan,309310,Overweight or Obese Adults,"75,000 ","40.5 (32.6, 48.9)",
2006,Neighborhood (UHF 34),Manhattan, Union Square-Lower Manhattan,309310,Overweight or Obese Adults,"72,000 ","39.6 (32.6, 47.1)",
2007,Neighborhood (UHF 34),Manhattan, Union Square-Lower Manhattan,309310,Overweight or Obese Adults,"81,000 ","44.0 (35.2, 53.1)",
2008,Neighborhood (UHF 34),Manhattan, Union Square-Lower Manhattan,309310,Overweight or Obese Adults,"85,000 ","44.1 (35.8, 52.7)",
2009,Neighborhood (UHF 34),Manhattan, Union Square-Lower Manhattan,309310,Overweight or Obese Adults,"78,000 ","40.3 (31.9, 49.3)",
2010,Neighborhood (UHF 34),Manhattan, Union Square-Lower Manhattan,309310,Overweight or Obese Adults,"88,000 ","46.7 (36.1, 57.6)",
2011,Neighborhood (UHF 34),Manhattan, Union Square-Lower Manhattan,309310,Overweight or Obese Adults,"78,000 ","39.6 (28.5, 51.8)",
2012,Neighborhood (UHF 34),Manhattan, Union Square-Lower Manhattan,309310,Overweight or Obese Adults,"84,000 ","41.9 (32.8, 51.5)",
2013,Neighborhood (UHF 34),Manhattan, Union Square-Lower Manhattan,309310,Overweight or Obese Adults,"82,000 ","40.1 (32.5, 48.1)",
2014,Neighborhood (UHF 34),Manhattan, Union Square-Lower Manhattan,309310,Overweight or Obese Adults,"83,000 ","40.0 (33.0,47.3)",
2003,Neighborhood (UHF 34),Manhattan, Upper East Side-Gramercy,305307,Overweight or Obese Adults,"105,000 ","36.5 (29.8, 43.8)",
2004,Neighborhood (UHF 34),Manhattan, Upper East Side-Gramercy,305307,Overweight or Obese Adults,"111,000 ","38.3 (31.8, 45.2)",
2005,Neighborhood (UHF 34),Manhattan, Upper East Side-Gramercy,305307,Overweight or Obese Adults,"90,000 ","30.8 (25.2, 37.1)",
2006,Neighborhood (UHF 34),Manhattan, Upper East Side-Gramercy,305307,Overweight or Obese Adults,"110,000 ","37.8 (31.8, 44.2)",
2007,Neighborhood (UHF 34),Manhattan, Upper East Side-Gramercy,305307,Overweight or Obese Adults,"111,000 ","38.7 (32.5, 45.2)",
2008,Neighborhood (UHF 34),Manhattan, Upper East Side-Gramercy,305307,Overweight or Obese Adults,"133,000 ","44.3 (37.3, 51.6)",
2009,Neighborhood (UHF 34),Manhattan, Upper East Side-Gramercy,305307,Overweight or Obese Adults,"102,000 ","35.4 (28.7, 42.8)",
2010,Neighborhood (UHF 34),Manhattan, Upper East Side-Gramercy,305307,Overweight or Obese Adults,"117,000 ","39.8 (32.4, 47.8)",
2011,Neighborhood (UHF 34),Manhattan, Upper East Side-Gramercy,305307,Overweight or Obese Adults,"137,000 ","45.5 (36.2, 55.2)",
2012,Neighborhood (UHF 34),Manhattan, Upper East Side-Gramercy,305307,Overweight or Obese Adults,"118,000 ","39.7 (32.4, 47.5)",
2013,Neighborhood (UHF 34),Manhattan, Upper East Side-Gramercy,305307,Overweight or Obese Adults,"126,000 ","41.3 (34.8, 48.1)",
2014,Neighborhood (UHF 34),Manhattan, Upper East Side-Gramercy,305307,Overweight or Obese Adults,"127,000 ","41.5 (34.6,48.8)",
2003,Neighborhood (UHF 34),Manhattan, Upper West Side,304,Overweight or Obese Adults,"71,000 ","39.6 (32.6, 47.0)",
2004,Neighborhood (UHF 34),Manhattan, Upper West Side,304,Overweight or Obese Adults,"70,000 ","37.5 (30.7, 44.8)",
2005,Neighborhood (UHF 34),Manhattan, Upper West Side,304,Overweight or Obese Adults,"68,000 ","37.4 (28.1, 47.8)",
2006,Neighborhood (UHF 34),Manhattan, Upper West Side,304,Overweight or Obese Adults,"71,000 ","37.9 (28.5, 48.2)",
2007,Neighborhood (UHF 34),Manhattan, Upper West Side,304,Overweight or Obese Adults,"85,000 ","45.8 (36.7, 55.2)",
2008,Neighborhood (UHF 34),Manhattan, Upper West Side,304,Overweight or Obese Adults,"71,000 ","36.6 (27.8, 46.4)",
2009,Neighborhood (UHF 34),Manhattan, Upper West Side,304,Overweight or Obese Adults,"74,000 ","38.8 (30.0, 48.3)",
2010,Neighborhood (UHF 34),Manhattan, Upper West Side,304,Overweight or Obese Adults,"106,000 ","55.0 (43.9, 65.7)",
2011,Neighborhood (UHF 34),Manhattan, Upper West Side,304,Overweight or Obese Adults,"67,000 ","37.8 (27.1, 49.8)",
2012,Neighborhood (UHF 34),Manhattan, Upper West Side,304,Overweight or Obese Adults,"81,000 ","45.4 (36.3, 54.9)",
2013,Neighborhood (UHF 34),Manhattan, Upper West Side,304,Overweight or Obese Adults,"75,000 ","44.2 (36.6, 52.0)",
2014,Neighborhood (UHF 34),Manhattan, Upper West Side,304,Overweight or Obese Adults,"89,000 ","49.8 (41.4,58.2)",
2003,Neighborhood (UHF 34),Manhattan, Washington Heights,301,Overweight or Obese Adults,"103,000 ","56.4 (49.4, 63.1)",
2004,Neighborhood (UHF 34),Manhattan, Washington Heights,301,Overweight or Obese Adults,"114,000 ","58.4 (51.4, 65.1)",
2005,Neighborhood (UHF 34),Manhattan, Washington Heights,301,Overweight or Obese Adults,"105,000 ","56.3 (49.8, 62.5)",
2006,Neighborhood (UHF 34),Manhattan, Washington Heights,301,Overweight or Obese Adults,"115,000 ","61.9 (55.2, 68.1)",
2007,Neighborhood (UHF 34),Manhattan, Washington Heights,301,Overweight or Obese Adults,"106,000 ","56.1 (48.2, 63.7)",
2008,Neighborhood (UHF 34),Manhattan, Washington Heights,301,Overweight or Obese Adults,"130,000 ","68.0 (58.8, 76.0)",
2009,Neighborhood (UHF 34),Manhattan, Washington Heights,301,Overweight or Obese Adults,"116,000 ","60.6 (49.6, 70.5)",
2010,Neighborhood (UHF 34),Manhattan, Washington Heights,301,Overweight or Obese Adults,"103,000 ","55.8 (44.5, 66.5)",
2011,Neighborhood (UHF 34),Manhattan, Washington Heights,301,Overweight or Obese Adults,"99,000 ","56.0 (42.8, 68.3)",
2012,Neighborhood (UHF 34),Manhattan, Washington Heights,301,Overweight or Obese Adults,"106,000 ","54.6 (45.1, 63.7)",
2013,Neighborhood (UHF 34),Manhattan, Washington Heights,301,Overweight or Obese Adults,"127,000 ","67.6 (59.4, 74.8)",
2014,Neighborhood (UHF 34),Manhattan, Washington Heights,301,Overweight or Obese Adults,"117,000 ","58.5 (50.7,65.8)",
2003,Neighborhood (UHF 34),Queens, West Queens,402,Overweight or Obese Adults,"159,000 ","48.6 (41.3, 56.0)",
2004,Neighborhood (UHF 34),Queens, West Queens,402,Overweight or Obese Adults,"188,000 ","54.4 (47.7, 61.0)",
2005,Neighborhood (UHF 34),Queens, West Queens,402,Overweight or Obese Adults,"177,000 ","52.5 (45.6, 59.4)",
2006,Neighborhood (UHF 34),Queens, West Queens,402,Overweight or Obese Adults,"159,000 ","45.9 (39.4, 52.4)",
2007,Neighborhood (UHF 34),Queens, West Queens,402,Overweight or Obese Adults,"200,000 ","56.9 (49.6, 63.9)",
2008,Neighborhood (UHF 34),Queens, West Queens,402,Overweight or Obese Adults,"177,000 ","48.6 (40.1, 57.2)",
2009,Neighborhood (UHF 34),Queens, West Queens,402,Overweight or Obese Adults,"172,000 ","48.3 (41.1, 55.5)",
2010,Neighborhood (UHF 34),Queens, West Queens,402,Overweight or Obese Adults,"189,000 ","53.1 (45.0, 61.0)",
2011,Neighborhood (UHF 34),Queens, West Queens,402,Overweight or Obese Adults,"186,000 ","55.0 (46.4, 63.3)",
2012,Neighborhood (UHF 34),Queens, West Queens,402,Overweight or Obese Adults,"205,000 ","59.4 (51.5, 66.9)",
2013,Neighborhood (UHF 34),Queens, West Queens,402,Overweight or Obese Adults,"188,000 ","54.8 (47.6, 61.8)",
2014,Neighborhood (UHF 34),Queens, West Queens,402,Overweight or Obese Adults,"229,000 ","64.3 (57.8,70.3)",
2003,Neighborhood (UHF 34),Brooklyn, Williamsburg - Bushwick,211,Overweight or Obese Adults,"72,000 ","61.0 (53.6, 67.9)",
2004,Neighborhood (UHF 34),Brooklyn, Williamsburg - Bushwick,211,Overweight or Obese Adults,"82,000 ","67.7 (60.7, 74.0)",
2005,Neighborhood (UHF 34),Brooklyn, Williamsburg - Bushwick,211,Overweight or Obese Adults,"78,000 ","63.3 (56.2, 69.8)",
2006,Neighborhood (UHF 34),Brooklyn, Williamsburg - Bushwick,211,Overweight or Obese Adults,"82,000 ","67.6 (59.8, 74.5)",
2007,Neighborhood (UHF 34),Brooklyn, Williamsburg - Bushwick,211,Overweight or Obese Adults,"79,000 ","63.4 (54.7, 71.3)",
2008,Neighborhood (UHF 34),Brooklyn, Williamsburg - Bushwick,211,Overweight or Obese Adults,"74,000 ","57.1 (47.5, 66.1)",
2009,Neighborhood (UHF 34),Brooklyn, Williamsburg - Bushwick,211,Overweight or Obese Adults,"77,000 ","60.2 (50.7, 68.9)",
2010,Neighborhood (UHF 34),Brooklyn, Williamsburg - Bushwick,211,Overweight or Obese Adults,"84,000 ","69.7 (60.7, 77.4)",
2011,Neighborhood (UHF 34),Brooklyn, Williamsburg - Bushwick,211,Overweight or Obese Adults,"98,000 ","65.6 (52.7, 76.6)",
2012,Neighborhood (UHF 34),Brooklyn, Williamsburg - Bushwick,211,Overweight or Obese Adults,"93,000 ","64.6 (55.4, 72.9)",
2013,Neighborhood (UHF 34),Brooklyn, Williamsburg - Bushwick,211,Overweight or Obese Adults,"94,000 ","61.0 (51.5, 69.7)",
2014,Neighborhood (UHF 34),Brooklyn, Williamsburg - Bushwick,211,Overweight or Obese Adults,"103,000 ","66.7 (58.0,74.4)",

Name:Overweight or Obese Adults,Measure:Number,How Calculated:Estimated number of adults classified as overweight or obese; based on the Body Mass Index (BMI) calculated from self-reported weight and height rounded to the nearest 1000. A BMI between 25 and 29.9 is classified as overweight and a BMI of 30 or greater is classified as obese.,Source(s):New York City Community Health,Year:2003 2004 2005 2006 2007 2008 2009 2010 2011 2012 2013 2014,
Name:Overweight or Obese Adults,Measure:Percent,How Calculated:Estimated number of adults classified as overweight or obese; based on the Body Mass Index (BMI) calculated from self-reported weight and height expressed as a percent. A BMI between 25 and 29.9 is classified as overweight and a BMI of 30 or greater is classified as obese.,Source(s):New York City Community Health,Year:2003 2004 2005 2006 2007 2008 2009 2010 2011 2012 2013 2014,

NYC Department of Health and Mental Hygiene
Environment & Health Data Portal
More information can be found at: http://nyc.gov/health/tracking
Accessed 07/29/2017
